{
    "root_group": {
        "groups": {},
        "checks": {
                "status is 200": {
                    "name": "status is 200",
                    "path": "::status is 200",
                    "id": "6210a8cd14cd70477eba5c5e4cb3fb5f",
                    "passes": 1393,
                    "fails": 0
                },
                "allowed true": {
                    "path": "::allowed true",
                    "id": "c33bcb22c4e2438f3c53c533dfc91a50",
                    "passes": 1393,
                    "fails": 0,
                    "name": "allowed true"
                }
            },
        "name": "",
        "path": "",
        "id": "d41d8cd98f00b204e9800998ecf8427e"
    },
    "metrics": {
        "http_req_receiving": {
            "avg": 0.12958970208183795,
            "min": 0.005741,
            "med": 0.032987,
            "max": 4.058399,
            "p(90)": 0.3209652,
            "p(95)": 0.4297313999999992
        },
        "data_received": {
            "count": 321672,
            "rate": 20056.036785750264
        },
        "http_req_tls_handshaking": {
            "min": 0,
            "med": 0,
            "max": 0,
            "p(90)": 0,
            "p(95)": 0,
            "avg": 0
        },
        "http_req_blocked": {
            "avg": 0.00954795262024408,
            "min": 0.000745,
            "med": 0.002966,
            "max": 0.979343,
            "p(90)": 0.005679799999999999,
            "p(95)": 0.00786699999999999
        },
        "http_req_connecting": {
            "med": 0,
            "max": 0.320697,
            "p(90)": 0,
            "p(95)": 0,
            "avg": 0.0015355965541995692,
            "min": 0
        },
        "http_req_duration{expected_response:true}": {
            "med": 5.201657,
            "max": 137.302834,
            "p(90)": 7.144244999999997,
            "p(95)": 9.330890799999995,
            "avg": 6.8946490681981265,
            "min": 1.133162
        },
        "http_req_duration": {
            "p(90)": 7.144244999999997,
            "p(95)": 9.330890799999995,
            "avg": 6.8946490681981265,
            "min": 1.133162,
            "med": 5.201657,
            "max": 137.302834,
            "thresholds": {
                "p(99)<500": false
            }
        },
        "http_req_waiting": {
            "min": 1.088664,
            "med": 5.099929,
            "max": 136.87313,
            "p(90)": 6.954289999999996,
            "p(95)": 9.229767799999998,
            "avg": 6.750747059583644
        },
        "iteration_duration": {
            "min": 101.231602,
            "med": 106.193909,
            "max": 237.771604,
            "p(90)": 108.228578,
            "p(95)": 110.09523959999999,
            "avg": 107.81329825197426
        },
        "http_reqs": {
            "count": 1393,
            "rate": 86.85263014048509
        },
        "http_req_sending": {
            "avg": 0.014312306532663311,
            "min": 0.002311,
            "med": 0.009025,
            "max": 0.206357,
            "p(90)": 0.0255372,
            "p(95)": 0.03702679999999997
        },
        "data_sent": {
            "count": 330141,
            "rate": 20584.073343294967
        },
        "iterations": {
            "count": 1393,
            "rate": 86.85263014048509
        },
        "http_req_failed": {
            "passes": 0,
            "fails": 1393,
            "thresholds": {
                "rate<0.01": false
            },
            "value": 0
        },
        "checks": {
            "passes": 2786,
            "fails": 0,
            "value": 1
        },
        "vus": {
            "value": 10,
            "min": 10,
            "max": 10
        },
        "vus_max": {
            "value": 10,
            "min": 10,
            "max": 10
        }
    }
}